id,name,age,gender,email,dob,country
1001,Maverick Johnson,28,M,mav.j@example.com,5/15/1994,USA
1002,Luna Rodriguez,25,F,luna.r@example.com,9/22/1997,Mexico
1003,Blaze Thompson,32,M,blaze.t@example.com,2/8/1989,Canada
1004,Sapphire Williams,22,F,sapphire.w@example.com,11/30/2000,Australia
1005,Rogue Smith,29,M,rogue.s@example.com,7/12/1993,UK
1006,Aria Martinez,26,F,aria.m@example.com,3/18/1996,Spain
1007,Zephyr Nguyen,31,M,zephyr.n@example.com,8/27/1991,Vietnam
1008,Seraphina Garcia,24,F,seraphina.g@example.com,12/5/1998,Brazil
1009,Jaxon Patel,30,M,jaxon.p@example.com,4/10/1992,India
1010,Harmony Kim,23,F,harmony.k@example.com,10/14/1999,South Korea
1011,Phoenix Hernandez,27,M,phoenix.h@example.com,6/20/1995,Argentina
1012,Lilith Chen,28,F,lilith.c@example.com,2/2/1994,China
1013,Axel Delgado,33,M,axel.d@example.com,11/12/1988,Mexico
1014,Raven Blackwood,25,F,raven.b@example.com,9/8/1996,Canada
1015,Zane Taylor,29,M,zane.t@example.com,3/25/1993,Australia
1016,Crystal Cruz,24,F,crystal.c@example.com,7/3/1998,USA
1017,Xander Khan,26,M,xander.k@example.com,1/19/1996,India
1018,Ivy White,30,F,ivy.w@example.com,11/27/1992,UK
1019,Havoc Rodriguez,28,M,havoc.r@example.com,8/12/1994,Mexico
1020,Athena Thompson,25,F,athena.t@example.com,4/5/1997,Canada
1021,Zephyr Wang,31,M,zephyr.w@example.com,12/9/1991,China
1022,Luna Oliveira,24,F,luna.o@example.com,2/22/1998,Brazil
1023,Vortex Kim,29,M,vortex.k@example.com,10/15/1993,South Korea
1024,Electra Martinez,26,F,electra.m@example.com,6/28/1996,Spain
1025,Rico Nguyen,33,M,rico.n@example.com,3/4/1989,Vietnam
1026,Nova Garcia,22,F,nova.g@example.com,9/17/2000,Argentina
1027,Savage Patel,30,M,savage.p@example.com,5/1/1992,India
1028,Mystique Taylor,23,F,mystique.t@example.com,4/4/1999,Australia
1029,Crimson Hernandez,27,M,crimson.h@example.com,11/27/1995,USA
1030,Rogue Chen,28,F,rogue.c@example.com,7/14/1994,China
1031,Jazz Delgado,33,M,jazz.d@example.com,9/30/1988,Mexico
1032,Lola Blackwood,25,F,lola.b@example.com,12/3/1996,Canada
1033,Blitz Taylor,29,M,blitz.t@example.com,5/18/1993,Australia
1034,Serenity Cruz,24,F,serenity.c@example.com,3/22/1998,USA
1035,Apollo Khan,26,M,apollo.k@example.com,10/10/1996,Spain
1036,Raven White,30,F,raven.w@example.com,6/5/1992,UK
1037,Shadow Rodriguez,28,M,shadow.r@example.com,2/14/1994,Mexico
1038,Aurora Thompson,25,F,aurora.t@example.com,8/1/1997,Canada
1039,Zephyr Oliveira,31,M,zephyr.o@example.com,4/9/1991,Brazil
1040,Nova Kim,22,F,nova.k@example.com,12/17/1999,South Korea
1041,Rico Martinez,33,M,rico.m@example.com,6/25/1989,Spain
1042,Sapphire Nguyen,24,F,sapphire.n@example.com,2/28/1997,Vietnam
1043,Maverick Garcia,28,M,maverick.g@example.com,10/3/1994,Argentina
1044,Luna Patel,25,F,luna.p@example.com,7/11/1996,India
1045,Blaze Taylor,32,M,blaze.t@example.com,1/26/1990,Australia
1046,Axel Hernandez,26,F,axel.h@example.com,9/5/1996,USA
1047,Vortex Chen,29,M,vortex.c@example.com,3/20/1992,China
1048,Electra Delgado,26,F,electra.d@example.com,11/12/1996,Mexico
1049,Rico Blackwood,28,M,rico.b@example.com,3/18/1994,Canada
1050,Luna Taylor,25,F,luna.t@example.com,8/27/1996,Australia
1051,Savage Cruz,30,M,savage.c@example.com,12/9/1992,USA
1052,Mystique Khan,23,F,mystique.k@example.com,4/4/1999,India
1053,Crimson White,27,M,crimson.w@example.com,1/15/1995,UK
1054,Rogue Rodriguez,28,F,rogue.r@example.com,5/30/1994,Mexico
1055,Blitz Thompson,33,M,blitz.t@example.com,7/22/1989,Canada
1056,Serenity Oliveira,24,F,serenity.o@example.com,1/6/1998,Brazil
1057,Apollo Kim,26,M,apollo.k@example.com,5/12/1996,South Korea
1058,Raven Delgado,28,F,raven.d@example.com,11/24/1994,Spain
1059,Vortex Delgado,29,M,vortex.d@example.com,8/12/1992,Mexico
1060,Electra Rodriguez,26,F,electra.r@example.com,12/17/1996,Canada
1061,Rico Thompson,33,M,rico.t@example.com,4/5/1989,Australia
1062,Nova Taylor,22,F,nova.t@example.com,10/20/1999,USA
1063,Sapphire Khan,24,M,sapphire.k@example.com,6/13/1997,India
1064,Maverick White,28,F,maverick.w@example.com,2/28/1994,Spain
1065,Luna Patel,25,M,luna.p@example.com,9/3/1996,Vietnam
1066,Blaze Blackwood,32,F,blaze.b@example.com,3/17/1990,Brazil
1067,Aria Taylor,26,M,aria.t@example.com,11/20/1996,Argentina
1068,Zephyr Kim,31,F,zephyr.k@example.com,5/9/1991,South Korea
1069,Raven Nguyen,28,M,raven.n@example.com,7/22/1994,Vietnam
1070,Blitz Garcia,33,F,blitz.g@example.com,12/2/1989,Argentina
1071,Serenity Patel,24,M,serenity.p@example.com,2/15/1998,India
1072,Apollo Thompson,26,F,apollo.t@example.com,8/28/1996,Spain
1073,Rico Kim,30,M,rico.k@example.com,4/10/1992,South Korea
1074,Luna Blackwood,27,F,luna.b@example.com,10/5/1995,Brazil
1075,Zane Taylor,32,M,zane.t@example.com,5/18/1989,Canada
1076,Crystal Cruz,25,F,crystal.c@example.com,11/21/1997,Australia
1077,Xander Delgado,29,M,xander.d@example.com,3/25/1993,USA
1078,Ivy Khan,23,F,ivy.k@example.com,9/12/1999,Indi
1079,Havoc Taylor,28,M,havoc.t@example.com,8/10/1994,Spain
1080,Athena Delgado,25,F,athena.d@example.com,2/25/1997,Vietnam
1081,Zephyr Blackwood,31,M,zephyr.b@example.com,9/18/1991,Brazil
1082,Luna Kim,24,F,luna.k@example.com,3/14/1998,Argentina
1083,Vortex Patel,29,M,vortex.p@example.com,11/30/1992,India
1084,Electra Nguyen,26,F,electra.n@example.com,7/5/1996,South Korea
1085,Rico Cruz,33,M,rico.c@example.com,1/22/1989,Australia
1086,Nova Oliveira,22,F,nova.o@example.com,7/9/1999,USA
1087,Sapphire Khan,24,M,sapphire.k@example.com,11/13/1997,Mexico
1088,Maverick Thompson,28,F,maverick.t@example.com,5/5/1994,Canada
1089,Raven Taylor,28,M,raven.t@example.com,7/2/1994,Spain
1090,Blitz Rodriguez,33,F,blitz.r@example.com,12/18/1989,Vietnam
1091,Serenity Blackwood,24,M,serenity.b@example.com,3/1/1998,Brazil
1092,Apollo Kim,26,F,apollo.k@example.com,8/10/1996,Argentina
1093,Rico Patel,30,M,rico.p@example.com,4/22/1992,India
1094,Luna Garcia,27,F,luna.g@example.com,10/21/1995,South Korea
1095,Zane Cruz,32,M,zane.c@example.com,6/5/1989,Australia
1096,Crystal Oliveira,25,F,crystal.o@example.com,12/28/1997,USA
1097,Xander Khan,29,M,xander.k@example.com,4/5/1993,Mexico
1098,Ivy Thompson,23,F,ivy.t@example.com,10/20/1999,Canada
